,name,coefficient
1,(Intercept),62.0741981282895
2,cg23728960,0.1486810365177
3,cg10366786,0.431906309820939
4,cg08398371,-3.29557369619876
5,cg10973967,2.74046222317319
6,cg01721313,0.827674730992236
7,cg25231957,2.51616862286759
8,cg21992844,-1.44280951757433
9,cg24646803,0.748350651209081
10,cg16037947,0.182991511956456
11,cg03468827,-0.692710041689894
12,cg18939097,0.179697805029922
13,cg01740695,-0.104400226613526
14,cg25593520,-1.57724487701735
15,cg11120551,-0.622954058803151
16,cg01403320,0.690475806821576
17,cg07821808,0.163391009045754
18,cg19796584,0.919177174631362
19,cg27422507,3.9579125757311
20,cg16033766,0.0863616083201532
21,cg03667422,0.541238321325587
22,cg18369325,0.454516199622705
23,cg09373192,0.623743093033231
24,cg00700455,1.28431364310247
25,cg20923885,0.908389557877065
26,cg07644039,-0.129137243434593
27,cg08506585,-0.0337911296547942
28,cg12744300,2.20482820231599
29,cg20051117,3.12638961281304
30,cg04765439,-4.16708847789549
31,cg03320087,2.50305262196942
32,cg20718469,-1.48226233624189
33,cg00254470,-0.396522967795068
34,cg13776906,-0.80289911628905
35,cg01978064,0.390671307444092
36,cg01594316,3.90346890512192
37,cg13774635,1.4548148991075
38,cg15339994,-1.99980119163758
39,cg00485494,-2.00774332758042
40,cg14526664,1.62656220892308
41,cg19322602,-0.319369752429222
42,cg11139645,-0.411523385216058
43,cg06566477,0.128025689655232
44,cg26502666,0.127171857262547
45,cg26133295,-0.025249579735531
46,cg05318503,1.51459196714664
47,cg26266372,0.789238885631473
48,cg01724838,-2.13961269592085
49,cg07521929,-0.68612576445158
50,cg11329422,0.120690165954574
51,cg21869913,-2.30049565663755
52,cg26567688,0.567893568708853
53,cg17519553,-2.18800072252389
54,cg27080917,1.15230880158485
55,cg21291342,0.693630276266188
56,cg11128212,-1.35381088327472
57,cg03193322,0.205938509331143
58,cg08975875,-3.69996227029544
59,cg04258833,0.436641051697338
60,cg15111244,-0.301913209279061
61,cg23235337,-0.0307941204787702
62,cg23364246,-0.372405411746459
63,cg01414357,-1.88303351666063
64,cg14258218,-0.532431598443531
65,cg23658320,1.43324193717438
66,cg00335428,1.1372846693272
67,cg14480507,1.82531835056283
68,cg10160276,0.244726934633328
69,cg19805775,1.32575131806272
70,cg06474661,-4.83387351074488
71,cg01349336,0.116874442124584
72,cg16284640,2.66597768514576
73,cg01202600,-0.0491843384956491
74,cg02467537,-1.00174448648471
75,cg06087424,2.0843237262622
76,cg06215643,-0.0483847633561224
77,cg05554536,-0.936159372743901
78,cg04606053,0.677135442085665
79,cg25743236,-1.384516544891
80,cg04990989,-3.86376480279296
81,cg08172581,-4.07514420056706
82,cg04593437,-1.83453891521108
83,cg12712122,1.20226139475583
84,cg24120153,0.125215820901681
85,cg01415937,1.35230803752478
86,cg04932525,0.519024366653752
87,cg12217291,0.907356913397154
88,cg12977942,0.045775172800765
89,cg07106095,0.286413518162135
90,cg14396230,0.173568390383102
91,cg22079043,-1.46269602346554
92,cg12643970,0.17109863965103
93,cg08991794,6.23687032649101
94,cg07838270,0.0370503674725301
95,cg12032603,-0.645166344772767
96,cg21952614,3.27323881783458
97,cg08686580,-0.165258770530089
98,cg10089656,2.2163509681739
99,cg20390245,-0.000839647891141492
100,cg20939696,0.209062030158855
101,cg06830006,0.0241624730763638
102,cg05847388,0.401088073088537
103,cg02625749,-1.43833873636348
104,cg22334681,-0.00302660070081294
105,cg18627729,-2.79444649895055
106,cg08026464,0.704729740809235
107,cg01640660,-0.195333883051222
108,cg02218090,0.0101235034433234
109,cg18019618,1.15811969871539
110,cg17127722,-2.43944680481327
111,cg02562900,0.0679595927510133
112,cg05058758,0.172607759896054
113,cg20425731,4.82712066509671
114,cg16608498,0.285443796966926
115,cg19378060,0.224988101558164
116,cg07696673,0.481112827737023
117,cg15821498,7.14752833013893
118,cg06570734,-0.816692297312983
119,cg02697654,-0.208099888176122
120,cg02046881,0.134668193416319
121,cg00333755,-0.0962596378827572
122,cg23866612,0.361210690663255
123,cg08825673,-2.46520025303146
124,cg27309179,0.284451525988502
125,cg06873980,0.248300247990141
126,cg13041597,0.528938671396184
127,cg02717567,0.0143800750734685
128,cg08280787,-2.59354457681188
129,cg15666659,-0.851791194978185
130,cg04233669,1.19044458699801
131,cg06163904,-2.67530655951827
132,cg15483437,0.0427813631791239
133,cg09920605,2.8408389794935
134,cg18662507,-0.187678084767772
135,cg10786503,-1.79561305412201
136,cg06273398,0.0504112481248609
137,cg04388666,-0.512885781700573
138,cg09278021,-2.5047020576221
139,cg10863857,0.475109438103197
140,cg08969925,0.674108910908329
141,cg00125768,0.220036647780476
142,cg06964816,-1.70433645832256
143,cg23183121,-1.02824752992734
144,cg12140760,2.12847963145903
145,cg15168132,1.05828759312927
146,cg05966241,-2.06984858671755
147,cg26543112,-2.57294103673465
148,cg21426218,-0.669958906507858
149,cg02780634,-0.994258073307797
150,cg05193435,0.544794719477486
151,cg07766424,0.167433696751986
152,cg18161904,2.76196313955036
153,cg00108554,-1.05564394272253
154,cg13576014,-1.40076951141683
155,cg07286682,1.11254338088704
156,cg19956868,1.48441599536323
157,cg09116560,1.09509787558849
158,cg12081443,-1.49601061737527
159,cg01719210,1.02705893845459
160,cg01955153,-0.652510490317061
161,cg13836708,0.179330146731768
162,cg17964080,0.568717600506707
163,cg22131612,0.0394819659369634
164,cg23885431,-7.51896363968091
165,cg14784405,0.238381279827626
166,cg02771214,0.0591863812808799
167,cg17007574,1.07679078230789
168,cg25672774,0.289873670454573
169,cg03168508,-0.238696042270634
170,cg04742197,-0.761823164227685
171,cg15145868,-2.17138773844324
172,cg10716444,-1.95202556542082
173,cg19662922,-0.494354897311218
174,cg04362419,0.13382315924433
175,cg20928238,-1.73783053779375
176,cg11235829,0.909029016799966
177,cg10676762,0.274770331397753
178,cg06181286,-3.01122916463325
179,cg03822645,0.514040212767115
180,cg04523891,-0.458066390942161
181,cg01949324,-5.51735496138783
182,cg09160344,-0.468513134242631
183,cg16096180,0.321252881104769
184,cg12158483,4.76173950291618
185,cg00065944,-1.44727363782145
186,cg03706376,1.04827738336996
187,cg27217933,1.48762315612127
188,cg20013586,0.831330776283644
189,cg03914820,0.0052536651305486
190,cg11752152,0.430305595700001
191,cg19618374,0.109845966651711
192,cg23995459,-2.03252137899425
193,cg00393047,0.948014450589227
194,cg12064504,0.239625147989552
195,cg09858677,1.04424771075686
196,cg13854896,-0.646528222929382
197,cg12084036,0.597494913348027
198,cg21183455,0.258799261435999
199,cg09362608,1.78800398025034
200,cg23840079,-0.53814299374607
201,cg14179258,0.890942058242517
202,cg11499696,2.18228154780815
203,cg21325862,0.0271920965749543
204,cg20742784,-0.775580458404954
205,cg01138890,1.97074905330736
206,cg02050915,-0.0448531485882092
207,cg00549851,0.249264748260151
208,cg06838584,0.690968320692451
209,cg17440417,0.599178220562455
210,cg09561832,1.83096673141377
211,cg04761931,-1.73480239120024
212,cg16096646,0.0354611895478126
213,cg02167322,-0.196362612296521
214,cg17400014,0.0748093830435285
215,cg09231529,1.33476888689308
216,cg12641578,14.2445117267907
217,cg21500970,1.08437490988423
218,cg17182156,-0.807216167324645
219,cg20959907,-0.26598205079891
220,cg04179000,-1.00173408082232
221,cg13672106,0.415471880501293
222,cg13256545,0.102578484015961
223,cg26665035,-1.5354945756658
224,cg00743629,0.0996975504388537
225,cg11971944,-1.24162691359563
226,cg18392201,0.485420944909313
227,cg14479354,-1.31842301792658
228,ch.14.1488981R,-3.58122958888754
229,cg01190071,1.1423935368942
230,cg12600032,-2.04052290477888
231,cg00101235,1.22101838883533
232,cg01082601,1.45104616338841
233,cg09229492,0.699263786661962
234,cg06646796,1.74546790546245
235,cg09243824,-0.650169282665963
236,cg10366876,0.258853165853677
237,cg17438580,1.08804226320602
238,cg10946644,0.434934190536178
239,cg17316947,0.015922959019567
240,cg21735522,-1.77409136476706
241,cg05882685,-0.836392104606926
242,cg07465899,-0.0252377528479928
243,cg18268085,0.32112879140533
244,cg13018715,-6.53278655666457
245,cg15969090,-0.0549494085107704
246,cg13640414,-6.05331859842591
247,cg10046771,0.0261018487395933
248,cg22406238,1.35754723365371
249,cg11670749,1.09153701030798
250,cg05064739,-0.00104915721494282
251,cg18831304,0.307916789203362
252,cg01393060,-1.52686786800548
253,cg00621366,0.283347602473499
254,cg12072997,0.219330589961288
255,cg20749846,0.637773161392789
256,cg03604110,1.11312298637246
257,cg13021857,-0.0795230651047329
258,cg05026404,0.00617600320409621
259,cg06975256,0.685433235629074
260,cg16964198,0.495339275563209
261,cg02565196,-1.37378796551818
262,cg27185521,2.32866879276783
263,cg00906581,2.31881856090787
264,cg18407136,0.00467386242950296
265,cg02505117,0.874561832481472
266,cg10494843,-0.169949552316639
267,cg06967145,0.015416063525369
268,cg02688432,0.87037454434793
269,cg03400695,-0.41948044766847
270,cg00582902,2.42753230800641
271,cg12964935,-2.89252267768774
272,cg17093466,-0.0733928257890468
273,cg06700275,-0.0118160812870233
274,cg05220114,0.766151531281139
275,cg15160963,0.119644721985417
276,cg11466773,4.8908472290934
277,cg18206764,0.297706093494881
278,cg19486038,1.87084480773037
279,cg04055211,0.15329061458774
280,cg26222730,-2.35950480278284
281,cg20967006,0.578742369892207
282,cg26064870,-1.98988017707063
283,cg12753934,-0.219603347441416
284,cg05980523,-1.01620766704384
285,cg22140708,-1.78216571794877
286,cg21733098,-0.221178387650571
287,cg19805228,-1.30005501419589
288,cg16059665,0.216847579688407
289,cg03025176,0.311467645420595
290,cg03464371,0.256744699876447
291,cg12075011,1.42405054506458
292,cg21192606,-1.05011942276307
293,cg25547830,0.902731145931481
294,cg00011861,0.429206391104204
295,cg14288579,0.693384564721239
296,cg14671000,0.213989081096546
297,cg02711042,0.810286155971187
298,cg01188867,-1.26436023927203
299,cg19638381,-0.724319392851195
300,cg25627956,0.229437278722138
301,cg08826184,0.525570855596699
302,cg02101201,-3.33685999756563
303,cg18383660,0.0544026248379955
304,cg25670171,-0.0409493295400919
305,cg16949001,1.62775246147171
306,cg21919596,0.80131971968337
307,cg20207443,0.054543874023955
308,cg10769507,-1.00225457154341
309,cg13761004,-1.69214996749058
310,cg10139476,-4.79889302696397
311,cg14177258,-0.119086893397053
312,cg24255121,-2.79055244020933
313,cg19690792,-0.156504240517978
314,cg25003531,5.15199129233542
315,cg21493290,-1.55034282617285
316,cg04793632,-1.64469440142303
317,cg14373685,0.475043377519765
318,cg27151362,4.83218162965006
319,cg23270113,-0.206357391941023
320,cg19870401,0.75809352746209
321,cg21099238,0.145615953090196
322,cg01907837,0.217240209881903
323,cg08637691,20.5496376929162
324,cg01456831,-0.870867271907738
325,cg23816136,-0.25162277869113
326,cg05362029,0.468099752521451
327,cg00211944,-0.138660139871684
328,cg11143399,-0.626616983379371
329,cg03611750,-0.421900184255014
330,cg20024393,-1.46681302890038
331,cg14664341,-0.0366047302850925
332,cg11415498,-2.94522464877419
333,cg24478949,4.43168586550408
334,cg13648527,2.15120304377561
335,cg26210302,-0.0972206254428433
336,cg13261390,0.156511365981297
337,cg03672117,0.42003526858986
338,cg26175846,-0.182954415307751
339,cg24283375,3.37409369088596
340,cg15071067,1.10607884283782
341,cg20104055,-0.145546265687408
342,cg25620430,1.35024780420112
343,cg12135457,-2.31980094824819
344,cg14387280,0.374095136167193
345,cg26366958,1.68493121490057
346,cg11929780,-3.26712201046309
347,cg27214009,0.0080786259597381
348,cg02340116,-1.60382517348045
349,cg03580331,-1.04192380862189
350,cg25880623,-5.13053685269658
351,cg21664107,-1.64873054201833
352,cg07330997,-0.383320912662938
353,cg15197125,-0.0392486668508979
354,cg21043312,-0.0216096814066232
355,cg06663737,-0.0724975291560278
356,cg12524428,0.188600863246036
357,cg06929174,0.536283164147794
358,cg05910170,-0.506321476810705
359,cg21126969,-0.0723214720896022
360,cg15047198,0.0709866801293052
361,cg14215390,0.20175112934976
362,cg07393857,0.942500031801954
363,cg24832950,-1.28287876968529
364,cg24297873,-0.295043612925966
365,cg11553665,-0.276594276189283
366,cg16857134,0.206477442170808
367,cg05306305,-1.35624069271312
368,cg19893132,-0.0600170864293549
369,cg26801943,-1.9357157578592
370,cg21836905,1.8320581327389
371,cg21774136,1.01649533811018
372,cg04087729,-0.0170681564249635
373,cg15300488,0.436378366697506
374,cg20010411,-0.185864285989951
375,cg17754737,-0.620938232691537
376,cg08154622,0.35549730926574
377,cg24790501,0.223602091771544
378,cg24659873,0.00909740156359279
379,cg22844035,1.54436246810365
380,cg03518311,-0.0363659322076002
381,cg25745729,0.327008937866727
382,cg26698979,-0.0377185843537467
383,cg26708596,1.36790277632834
384,cg12484135,-2.56476905186997
385,cg10451759,0.241113787607953
386,cg06166559,1.06680396113763
387,cg15115421,-0.0161834423137774
388,cg04567124,0.150211208837003
389,cg19551813,0.224121825639749
390,cg04811706,-0.0361931672745222
391,cg18715236,-1.57107007708048
392,cg00224222,-0.620233691794446
393,cg23198707,1.37501485653638
394,cg06114934,-0.0322836511208574
395,cg08006519,-0.00454927981264038
396,cg01816748,-0.641754326517974
397,cg10331773,-0.430813671085195
398,cg01907945,-0.420621423054298
399,cg03763997,-0.913640933421749
400,cg05116536,0.647122693094377
401,cg15350922,2.83344889086275
402,cg22968887,2.99909684696214
403,cg00518276,0.76145688302013
404,cg03352438,0.478855242160226
405,cg11001739,-1.4254607625296
406,cg22649201,-0.624168180454264
407,cg20736045,0.515491121091631
408,cg26800429,-0.110357205526987
409,cg02113955,-2.12427769886829
410,cg05891372,-1.76392780656104
411,cg27468506,-0.102066721292533
412,cg05819613,0.244141538318761
413,cg09416608,-0.0817108567536857
414,cg06330230,0.933616687361091
415,cg18391753,-0.490485123514753
416,cg19422140,0.790743423511538
417,cg18772677,0.25674901286605
418,cg07791803,1.14684635576813
419,cg16049494,0.101081520704209
420,cg10556472,0.539050058954819
421,cg19852518,0.765829843359467
422,cg13714975,0.824189135478889
423,cg21195120,0.167917400048911
424,cg03905757,0.484663154282359
425,cg25354733,-0.00088831809051002
426,cg20022139,-0.276879126409779
427,cg23318800,0.0616236161951239
428,cg05365735,0.673559168942799
429,cg00700817,-0.236151469471351
430,cg11403708,-1.44864393640267
431,cg24389924,1.37509347631387
432,cg20451208,0.208101526973148
433,cg26886965,-0.69171990930972
434,cg03142586,4.04756009576084
435,cg01606885,-5.84677407254725
436,cg02493487,3.7581869919146
437,cg13714995,-1.52896069467945
438,cg12815849,0.177814129656335
439,cg01779220,0.0229799993834513
440,cg17614403,1.87958291503872
441,cg24450548,2.06343884474489
442,cg26144246,-0.0574202052187242
443,cg22660609,0.61932447477892
444,cg04455646,-0.186499286389235
445,cg01328467,0.722884336203036
446,cg03396826,-0.161912354190742
447,cg21216024,0.0964937457271002
448,cg09611599,-0.19115453643796
449,cg11975053,-1.5141367310758
450,cg26926221,1.38473020972733
451,cg27106643,-0.303543197444711
452,cg23434203,0.190556814927982
453,cg04848107,0.751636459895863
454,cg00810441,0.767394196562081
455,cg03199366,0.336322545949545
456,cg22362956,1.19655818292307
457,cg03642431,0.384097992758534
458,cg13648741,3.50127615837915
459,cg17453778,2.06612959931288
460,cg24748078,-0.275544928309325
461,cg11182093,0.31650384926532
462,cg01007323,0.302833280975478
463,cg15188547,-0.00041658261947473
464,cg12806822,0.0344882950565632
465,cg15921319,0.837569997115632
466,cg04444949,-2.41346835397661
467,cg04655834,0.421615296911675
468,cg03470149,1.19554472443239
469,cg23913963,-0.595162318275927
470,cg19309562,0.635500376204547
471,cg05655307,0.410776421182281
472,cg20902817,3.66260434692255
473,cg22650206,-2.64646146146497
474,cg05504820,1.36066848014625
475,cg19513335,1.27419609424832
476,cg03112887,1.56742920864075
477,cg16358252,2.29621415218422
478,cg07452397,0.363722280310999
479,cg05107803,-0.0794903354076587
480,cg00096979,-2.49393410580527
481,cg09490370,-0.209250842525686
482,cg02041470,-0.451654559637137
483,cg17756325,2.14298965918525
484,cg17035132,1.13895880254834
485,cg09025605,1.58178156656777
486,cg07360076,0.901188618292733
487,cg15654892,0.144710157974226
488,cg21074110,0.172924115892836
489,cg25088843,0.724675504460574
490,cg27656302,-1.30225804012503
491,cg01206874,0.0932018917750128
492,cg26051165,0.343366213955389
493,cg06554081,1.23573915778292
494,cg04679515,-0.638253053650327
495,cg18255101,1.10729181079248
496,cg10076783,-0.730359453365033
497,cg24614722,0.269167913007741
498,cg14660449,0.891764502617346
499,cg10432942,-0.0262648065692354
500,cg20597575,-3.51232810717116
501,cg07843181,-0.269221981240172
502,cg04122287,0.242107330376553
503,cg19379721,-0.690248673060192
504,cg10228719,0.231354537291351
505,cg21794496,-0.170518499256076
506,cg09161689,-2.02612939320565
507,cg13375654,1.77879735068469
508,cg05593628,3.22894949076439
509,cg00457009,2.0206176189969
510,cg05266321,0.0890325426613062
511,cg12456014,-3.41804198643958
512,cg06026473,0.0170828616404004
513,cg13878276,-2.68867602708299
514,cg03271007,1.24472959220692
515,cg09118175,1.43483046623325
516,cg21652108,0.315996980491309
517,cg15251539,-0.885336603851444
518,cg13704954,0.414082019119025
519,cg21803548,-0.817686236675903
520,cg20173011,-0.407406742316865
521,cg11399222,-1.19181133232873
522,cg12050135,0.0492117090935042
523,cg22512663,0.516894781476511
524,cg01560972,0.0445505336625317
525,cg16714760,-4.05704609716995
526,cg14819603,0.673572816683356
527,cg06293611,1.94330943296644
528,cg02643387,-0.229450331399321
529,cg12542202,1.24449013738413
530,cg00420390,-0.0284378799221335
531,cg19901523,-6.1473213813517
532,cg14622770,0.506560793053613
533,cg06488148,0.0181699316244488
534,cg10813948,0.134159611360244
535,cg05305497,0.624293382670976
536,cg13545097,1.24292294422559
537,cg16756674,0.612986526143312
538,cg11429644,0.00413317264853469
539,cg12500951,-0.0792559463622792
540,cg16848272,0.0865606435111519
541,cg17057301,-0.64788990927401
542,cg24160066,-0.793375144775406
543,cg00339281,0.521019735550292
544,cg09463001,0.082830189804045
545,cg20978972,0.0622482634434599
546,cg21732649,-1.11123185485964
547,cg15778873,0.340206765766148
548,cg12080831,1.33417489835664
549,cg10955545,0.18397850319663
550,cg07695330,-0.123492068077878
551,cg12371557,0.05017011544863
552,cg12970409,-0.211926349998703
553,cg16307759,-0.643458242672552
554,cg20744727,-0.384550906245155
555,cg07396872,-0.505665510345362
556,cg17072755,0.325382590291311
557,cg25809059,0.111523250223481
558,cg21959717,0.346062421898445
559,cg07571438,-0.0138819637517047
560,cg22494026,0.606362047317232
561,cg08497455,0.0968166545173191
562,cg13336326,0.0472156436960224
563,cg09569166,0.144638366260474
564,cg27233850,0.145450512583562
565,cg17206645,-0.800756495008261
566,cg04028616,0.707840205428253
567,cg06012872,0.656676596240383
568,cg00168783,-0.481536761830743
569,cg21584226,-0.004151974467672
570,cg06347427,-0.92740717134811
571,cg13393830,1.63722326564566
572,cg15787491,0.460074111744819
573,cg06358534,0.111632080791419
574,cg16614786,0.275616796036495
575,cg21153976,0.364597396180713
576,cg11315986,-0.346888061723378
577,cg16856049,0.896669733040002
578,cg02857142,0.137449757608883
579,cg17758496,-0.270170850313125
580,cg11513812,-0.212352338078253
581,cg24344074,-0.126909197372915
582,cg22388982,2.03304831608263
583,cg15299402,0.621152071672557
584,cg18986110,0.395512113473863
585,cg14499211,7.93872706695454
586,cg11155016,-0.122962760560277
587,cg14349763,-0.273690442752341
588,cg00088575,0.198083745293589
589,cg21714581,-1.48409890627707
590,cg05094970,0.369705066482605
591,cg02660271,0.881975310859456
592,cg11123493,1.17727596718124
593,cg10888052,-0.213158355697587
594,cg15234523,0.97544145728112
595,cg14343953,0.907453328784596
596,cg00961932,0.983077508515481
597,cg21636911,0.801549458150739
598,cg09308553,-2.59969340114142
599,cg01798250,-0.514432617347193
600,cg27240618,0.112828379989359
601,cg01676439,-1.88012927122849
602,cg09107438,0.0569359998298197
603,cg00114478,0.320962617392236
604,cg15528441,-1.72878233551205
605,cg05580734,0.01470325017349
606,cg06442089,0.666154273327104
607,cg13832333,0.42355286705667
608,cg04104329,2.70667390418612
609,cg20432824,-0.215599680178623
610,cg21230675,-1.38448514210983
611,cg24200825,-5.4333170816432
612,cg26448931,0.984375287579566
613,cg02651683,-1.22120965366048
614,cg18456755,0.0718313729793587
615,cg00036045,0.417071223890426
616,cg07265477,0.386600237416394
617,cg16078124,-2.28506057375602
618,cg05202858,-0.481424578629241
619,cg18997137,1.13901428103909
620,cg00241638,-2.45578213002838
621,cg07816205,-0.188374674563243
622,cg11833003,-1.00478497973762
623,cg06837444,-0.183414336318062
624,cg01837113,0.36623211400409
625,cg05973057,-5.61183857655533
626,cg11135072,-3.62484620559831
627,cg18582010,1.78085392981141
628,cg03738328,-0.85851834596925
629,cg14283328,-0.374236972991681
630,cg08607001,0.116077499042866
631,cg15142312,-0.246250210233857
632,cg15210447,0.468699413962051
633,cg23353113,-0.337806522530926
634,cg03002271,-3.72489117965257
635,cg11652765,-0.37364700037883
636,cg17982058,2.57457133590219
637,cg09654796,-0.439549392798997
638,cg24170996,0.586789041613639
639,cg17876463,-0.264585756574458
640,cg23196504,-2.8548647975196
641,cg04178156,0.846745114811445
642,cg00843009,1.02365180279644
643,cg06530848,-0.374547306587681
644,cg27485716,7.44613560465828
645,cg11124652,0.838048084498977
646,cg09837155,1.9852296511667
647,cg21393124,1.78207767285922
648,cg04905408,1.40674437535107
649,cg06094611,1.02374623307149
650,cg20833872,0.163171416644527
651,cg18586983,-0.0643079523256984
652,cg04593531,0.412514013727775
653,cg03573446,2.02348399392132
654,cg12576709,0.843668271831373
655,cg22565251,-1.47889665589838
656,cg10837229,0.502551650352974
657,cg19683551,-1.01274747703516
658,cg13188283,-0.39838824420604
659,cg12520319,0.444232126824852
660,cg15377610,-1.51149984732994
661,cg13951450,0.121604347538707
662,cg10634115,0.0562236099974453
663,cg22889455,-0.162163992035537
664,cg22047377,-0.809050927804413
665,cg26515685,-0.723787744657465
666,cg03959465,0.723483284063265
667,cg03550951,-0.271721175554051
668,cg17994214,0.231829494736385
669,cg15687530,-0.0221761890543515
670,cg21986629,0.211041587217336
671,cg19679501,-1.80086863251268
672,cg04858539,1.05628970154118
673,cg03652715,-1.17780558316897
674,cg01212120,-0.0293718959470672
675,cg09772831,-0.614484887436054
676,cg13130588,-0.455063518613387
677,cg01669244,0.0444419832117681
678,cg07698725,3.17150064115067
679,cg02458846,0.125960295351363
680,cg20317140,-1.09354127762633
681,cg04669218,0.681368203264109
682,cg05402382,-1.7348650249507
683,cg25401874,0.651159011725289
684,cg12449295,2.67162474052784
685,cg24616450,0.0231734010960479
686,cg11854772,2.01248738134836
687,cg26734064,-0.0421182972405922
688,cg06449058,0.337271989911917
689,cg27320439,0.498468356834139
690,cg22890765,-0.994568832247734
691,cg07709065,-0.104172928929833
692,cg14412891,0.0964634894612938
693,cg16764008,0.654925089501975
694,cg16512376,0.488052213861579
695,cg23652734,-1.24039050935999
696,cg08638989,-3.1667619674762
697,cg11122885,-1.43251968328412
698,cg16810279,-0.0878969170566906
699,cg09049447,-0.267881837519659
700,cg19966745,-0.4417671815125
701,cg06833271,-1.62640281768506
702,cg12671193,0.366159313441919
703,cg12899747,-3.22472847555234
704,cg27212232,1.1447596531674
705,cg04193015,-2.55645709949426
706,cg07721409,-0.194056269767036
707,cg17175041,0.850453601206972
708,cg14282721,-0.495343005022159
709,cg23479360,0.778832930263057
710,cg24251135,1.65220216000806
711,cg24570302,0.158461935632321
712,cg07504739,0.0351510888220135
713,cg07873320,-0.631980390061857
714,cg19211853,1.09189345224696
715,cg03772108,0.269738546350679
716,cg24217140,0.643585224715581
717,cg21966910,-0.186456533420714
718,cg16965794,0.267431646200787
719,cg11825941,-1.64037896353269
720,cg17110550,-0.772478765343943
721,cg13723853,2.40623040348921
722,cg20971956,1.07224163267833
723,cg21614115,0.492040714443725
724,cg20204415,0.63092847024525
725,cg20107262,-0.00353655447596662
726,cg02059080,-0.0562817124094995
727,cg09530439,1.05043797430592
728,cg21844138,-0.827598726367125
729,cg14768825,-1.96776285244935
730,cg15228441,0.722066743707467
731,cg04789092,-0.051284507201
732,cg26185180,0.672635125073128
733,cg20205474,-0.0320601690011137
734,cg09224500,-2.08974095806606
735,cg05933240,-0.661882663889974
736,cg15984175,0.0152334883980047
737,cg25113157,0.648471132022458
738,cg21272956,3.16602524433562
739,cg07839071,0.415354761754111
740,cg06578851,0.0379674639873813
741,cg04745278,5.68820796397934
742,cg18852137,0.290006861528769
743,cg19872010,-0.190330171241803
744,cg00116658,0.73085245126512
745,cg00876449,-2.02150601274439
746,cg00216073,-0.39258296407425
747,cg00296348,-0.032477909946328
748,cg23845380,0.0929011807563645
749,cg00956987,0.67906948282071
750,cg27554535,0.24121622736771
751,cg07969684,0.528204846671108
752,cg16674566,-2.7068479029576
753,cg20744229,-0.197186559358493
754,cg12773508,-0.689123864956107
755,cg05096492,-0.319900950002276
756,cg14587213,-1.55960904718749
757,cg23327859,0.0310514052694294
758,cg11172565,-6.2869270616723
759,cg08539737,0.811222587950823
760,cg23884551,1.38048217776346
761,cg04575953,0.0647363090237705
762,cg11630939,-0.525717901857418
763,cg16181537,-0.310834534782386
764,cg04490037,0.0143964652939485
765,cg22232492,0.629906727053888
766,cg03726640,-0.492190431202131
767,cg00368338,-2.16224248795841
768,cg02443129,0.735459585962329
769,cg03318469,0.780672031023272
770,cg24878059,0.233022550087061
771,cg16323641,-2.85438795103356
772,cg20071413,0.0666643920328238
773,cg19541622,-0.661861213646255
774,cg26263766,0.70392600916299
775,cg14131316,-3.68991929059368
776,cg11197664,1.22822050583501
777,cg18082735,0.32959031908424
778,cg08487574,1.16664272629056
779,cg00769632,-0.118421178524555
780,cg22986591,0.599786169689141
781,cg04410989,-1.0836212368974
782,cg07949587,0.639172921602805
783,cg15401622,-3.37266845965696
784,cg19501755,-3.8459051936968
785,cg22354884,0.322597799711416
786,cg09586300,-1.01591613547189
787,cg02580820,0.0239619697332392
788,cg14807319,0.289323794371576
789,cg04502145,-0.294665910676217
790,cg11049511,1.35340589104201
791,cg00595333,-0.18663766936336
792,cg24512731,1.1621771062608
793,cg19288676,-0.0942077712130163
794,cg09126741,0.903141602274009
795,cg21993897,0.20668127359363
796,cg14921166,0.405858527722561
797,cg08914946,0.925303871189257
798,cg09903592,2.07699882538883
799,cg17091527,1.4748305739599
800,cg14254534,-2.90561185999722
801,cg14195318,-0.802171261363465
802,cg15210817,0.014761170370494
803,cg00792799,-0.922001007583127
804,cg16517790,-2.04932845202106
805,cg08004926,0.143850163631505
806,cg16176432,0.392396025188712
807,cg27345757,5.06202388181883
808,cg06582394,0.116234574267568
809,cg27037944,1.02541753463171
810,cg09642347,0.0630964285116978
811,cg00108108,-2.67689433128191
812,cg16760899,0.53131768957666
813,cg25021026,-0.816678111845562
814,cg14211332,0.377362550391943
815,cg11226932,0.417539310222601
816,cg17371184,-2.49671370370227
817,cg27501458,0.235475835788967
818,cg02305856,-0.678137728121112
819,cg22162164,-0.69650273587231
820,cg01119957,0.0509830382128917
821,cg02070677,-4.12957431674521
822,cg18261667,-2.64574980413928
823,cg20067719,-0.350432704132613
824,cg20011601,-0.411536038675178
825,cg19124816,-2.18229638557874
826,cg10611692,2.51125447682109
827,cg20457732,-0.38774092155419
828,cg08097631,0.228806923246477
829,cg25909125,1.96780844210381
830,cg26631505,0.0293842597582842
831,cg15643133,-0.457651218845346
832,cg01964004,0.93627973823552
833,cg18537183,0.357752692832596
834,cg11423060,0.608898083899366
835,cg25511085,-0.403286092949373
836,cg02540203,0.0195242537350495
837,cg10765336,-0.0755362890154003
838,cg26829189,0.0117892889058415
839,cg24641352,1.8324525356525
840,cg22460148,0.0946676063845809
841,cg20672524,0.120934928406539
842,cg22421019,0.0539890770928959
843,cg12596273,0.0724724165016829
844,cg24438172,-0.649145122039577
845,cg04176047,1.08392613463064
846,cg06594940,-1.05884250870808
847,cg04071487,0.0145127831334003
848,cg25471715,-0.22498855614799
849,cg22769748,1.76888156960103
850,cg14523221,0.280740669744489
851,cg00085430,-0.0873866770706495
852,cg08255714,-1.34792601527693
853,cg07783477,-0.889575393593325
854,cg25572037,-0.146772561071682
855,cg22188885,0.316398125500424
856,cg00474031,0.147577502843872
857,cg25360231,0.441996450034842
858,cg16052327,0.473008257403342
859,cg27061049,-1.37301053732717
860,cg19821846,3.11199859842992
861,cg02921845,0.18196420444174
862,cg18210656,-0.0102501135534398
863,cg22663098,2.22735260676599
864,cg09583780,0.11246493079514
865,cg06539497,0.30686637596177
866,cg01898222,0.145282027020136
867,cg24849910,-0.490175067465253
868,cg22688447,-0.699091522628611
869,cg23651117,-0.617229187955796
870,cg14293223,-1.71399242012393
871,cg12893271,-0.574951140859924
872,cg08374617,-0.497914670871858
873,cg12772987,2.89963771993468
874,cg15391813,0.310076872732058
875,cg17389400,0.329519700881007
876,cg15521034,0.256013299976178
877,cg01889025,0.333987006837812
878,cg11732853,4.86386247950229
879,cg25484306,-0.301245776070413
880,cg13929658,-1.96705931888702
881,cg26408927,0.363882991401819
882,cg14481315,-0.26576558185642
883,cg03865524,-1.94029283925702
884,cg07643616,0.378266829596862
885,cg04830416,-0.334012940317959
886,cg21158280,1.28505577629197
887,cg15140236,1.5648290701839
888,cg20784841,-0.0907789441759895
889,cg13119578,-0.76038185356716
890,cg14647543,0.706073348687842
891,cg22598841,6.26988631491687
892,cg07138104,0.108867985421542
893,cg12286415,0.111888763777513
894,cg11036058,-0.636625479574746
895,cg21524899,-5.25850805753693
896,cg07707056,0.568624359471338
897,cg22257107,-2.26806330894376
898,cg13183732,0.508970502811377
899,cg22277154,-1.80014069454203
900,cg22602379,0.9669859296247
901,cg11177698,0.871473207364972
902,cg05357229,-0.207314798710508
903,cg19821872,2.24346071185198
904,cg16740586,2.7531984946765
905,cg20711299,-0.294349666107757
906,cg10312464,0.528460396571017
907,cg01506627,0.234882612901949
908,cg02555241,-0.471728666663825
909,cg01306003,1.41763742888402
910,cg06292004,0.440306555323166
911,cg10933529,-0.0994099483328158
912,cg18087395,0.198851511032849
913,cg10514640,0.340587001012481
914,cg03631509,1.504963761785
915,cg02724496,-2.33692696540489
916,cg01705888,0.510579151521865
917,cg04781978,0.805594589627763
918,cg15102821,-0.574806087103901
919,cg01606057,0.34290227358563
920,cg21141726,-2.96438517739483
921,cg11823142,-0.307646638884285
922,cg16688434,6.78620342940256
923,cg05421487,-0.274332581856856
924,cg09317437,0.596824296016434
925,cg13774304,1.58145588402795
926,cg27211071,0.0225600361269164
927,cg07154414,-0.520792667259788
928,cg17065725,0.7514345468647
929,cg17389212,0.0933167558288593
930,cg24504388,0.0829773744876807
931,cg10860275,-0.352472681126263
932,cg19402756,0.025844854754725
933,cg14253018,-0.320406677653587
934,cg04788392,0.00679138078522996
935,cg15547413,0.0108818519537119
936,cg10324245,-0.0241681170549417
937,cg10395850,-0.0149930510316327
938,cg17855598,-1.44572622377219
939,cg11491284,-4.41835921221561
940,cg24738628,0.685444429188993
941,cg04395846,-0.320509197882427
942,cg10710176,0.0270498549140753
943,cg19566482,0.0206150668435485
944,cg21565937,0.016966488074953
945,cg19151852,3.41304258937675
946,cg21009965,0.469334783692258
947,cg22455892,-2.85121715127723
948,cg05009902,1.27764804177296
949,cg18867200,2.24452789088272
950,cg05178839,-1.02614728851627
951,cg25882544,0.28073028356178
952,cg26695190,-3.91814427030893
953,cg19509830,-0.329551675168366
954,cg03967756,-0.0850383788007328
955,cg26505330,-0.375552432497835
956,cg14087697,-0.366298482741714
957,cg22026677,1.25546901295801
958,cg06775471,1.86656930145231
959,cg22512239,-0.143066916208963
960,cg18963953,1.49733991224986
961,cg01095227,0.31335294762698
962,cg03810165,2.3505492375308
963,cg20979800,0.368920469659946
964,cg02889942,0.354816446295204
965,cg20385959,1.45951880902751
966,cg10680608,-0.021658958883195
967,cg10700683,0.557428724314365
968,cg16043669,1.18299457649297
969,cg17481116,1.05298908783929
970,cg18487916,0.308864099938763
971,cg14172375,-1.04603859400924
972,cg17550929,-1.1850321518963
973,cg26994023,0.230974114752711
974,cg15915241,-0.103732264048494
975,cg21660413,-0.0600064848902833
976,cg08334751,0.187673421464475
977,cg11422009,2.17109945949308
978,cg20542800,-1.68288823359271
979,cg11251135,0.00737028842821833
980,cg04464263,1.22638331752726
981,cg19193136,-0.423208849372224
982,cg20361421,1.61786109782612
983,cg02489108,0.690994705834199
984,cg15545942,1.10416122181099
985,cg09677785,0.112303118048587
986,cg14118949,-0.132560414488145
987,cg27426983,-1.90336753170984
988,cg25490693,0.369762187449477
989,cg13785339,1.11574292768247
990,cg09589646,-0.299095509834625
991,cg04085767,0.104645941839674
992,cg10427268,-1.59330969270953
993,cg21066703,-1.42266050555027
994,cg20062413,-1.82811821753541
995,cg26632665,0.0774674419027679
996,cg22526407,1.0219263954222
997,cg18007737,1.46195164360599
998,cg24455365,-0.603441917429564
999,cg03421353,0.719773354102479
1000,cg19292712,0.413792139007314
1001,cg18513737,0.00432438981455818
1002,cg08411376,0.278802514318013
1003,cg10523672,0.489717493878892
1004,cg13265524,0.661474860092216
1005,cg24465349,-0.978443523712634
1006,cg06963130,-3.36998716363241
1007,cg19767020,0.74435848729544
1008,cg00047050,-2.23246818346349
1009,ch.1.839062R,-3.41497533525399
1010,cg17081586,3.29195274930361
1011,cg08374428,1.40698704761465
1012,cg16867820,0.185204972687132
1013,cg21232822,1.39718299604984
1014,cg11365584,-0.485138376503861
1015,cg00753676,-0.285284354760598
1016,cg00363845,0.125920950156281
1017,cg00741848,0.143483602784023
1018,cg17349007,0.43117219732779
1019,cg21244504,0.23059951844131
1020,cg00412782,0.536181257008628
1021,cg02159111,1.20121515827772
1022,cg00594335,4.95458580248899
1023,cg23289456,0.054431141874582
1024,cg00077044,1.79036508102729
1025,cg23062771,0.255601579831184
1026,cg06378981,1.31496106714013
1027,cg08578520,-0.981083882983625
1028,cg25841008,1.13156418274116
1029,cg01060238,0.247746180596263
1030,cg20407119,0.174215186321863
1031,cg23788054,-2.39717310919312
1032,cg10757964,0.682824344690749
1033,cg18810681,0.175752465385115
1034,cg14228710,0.590178507825223
1035,cg08822136,0.0394315868401013
1036,cg12597822,-1.2522728025256
1037,cg02922871,0.378106299052243
1038,cg03783393,4.35252777999241
1039,cg11584042,-4.85860826718691
1040,cg13008698,-1.78397277383727
1041,cg17847095,3.54745939391575
1042,cg21248322,0.0401703245406995
1043,cg16732475,-0.870232164631954
1044,cg23764836,-0.117607558220847
1045,cg19980958,-2.39004262792995
1046,cg00417068,1.44853134122362
1047,cg13469617,0.739223340364609
1048,cg20343278,-0.286071223963873
1049,cg15926234,0.0232391610863773
1050,cg03778809,1.16270826536057
1051,cg22729791,-0.404001432606994
1052,cg00169030,0.0508166405788336
1053,cg04214706,-0.986285409702853
1054,cg27207809,-0.62033005865623
1055,cg13062104,0.349681856598127
1056,cg26409826,0.0978896765363103
1057,cg20158040,0.545914250261603
1058,cg14183865,-0.35324093392577
1059,cg00042904,-2.01566018032172
1060,cg20608259,-0.45418032763015
1061,cg05780020,-0.811398878796836
1062,cg19381797,1.24509773299933
1063,cg09116068,1.3957830898462
1064,cg05746865,0.753882815778801
1065,cg18346693,1.73155472136552
1066,cg16974046,-0.385920268497389
1067,cg18360809,-0.279820291410722
1068,cg15326741,0.428049777819823
1069,cg22513912,-2.40590282278438
1070,cg08174179,0.453228342318258
1071,cg07128371,-1.497196806435
1072,cg05753416,-7.03065153702109
1073,cg20786995,-0.144017880195088
1074,cg16284279,0.223583273806462
1075,cg09164913,-0.884400332080583
1076,cg15282616,3.28661538944705
1077,cg13308744,-0.341231730781534
1078,cg11677147,0.258197111248713
1079,cg05431218,0.20006800858884
1080,cg03511588,-0.571719763985373
1081,cg09016994,0.00488683492092116
1082,cg13959371,-0.909413556047072
1083,cg05773708,-0.439364358489618
1084,cg21268653,-0.786301888041543
1085,cg03078743,-2.0509266718417
1086,cg23114828,0.226798232021826
1087,cg14214635,-2.27438963591703
1088,cg09071007,1.50242440191835
1089,cg14129356,-1.40625795646615
1090,cg04452203,1.30139613733857
1091,cg16530946,0.339858514638671
1092,cg11176587,-3.18205326747773
1093,cg07051684,0.0127272008750251
1094,cg05865665,0.169320587441604
1095,cg19644580,-3.29874339136278
1096,cg02624377,-3.74440940604325
1097,cg18303589,-0.084453217455975
1098,cg09241427,0.0840469317893174
1099,cg13962846,0.320867282538055
1100,cg27613026,-0.46721594571904
1101,cg04175911,-2.13946650931344
1102,cg07459645,0.41260175271228
1103,cg26213240,0.633958174814097
1104,cg11116138,0.199391390261843
1105,cg11408259,0.27320756436033
1106,cg02290284,1.03768948535077
1107,cg14210337,0.554700639996771
1108,cg27024214,0.895545969921544
1109,cg14775730,0.913168687515478
1110,cg16992985,0.0565553077994576
1111,cg12972086,0.518213812376019
1112,cg26142076,-0.187288191308309
1113,cg11546131,1.27976242505643
1114,cg06159131,-0.724848579698965
1115,cg09983746,-0.233241045565559
1116,cg23623781,1.25829966650389
1117,cg18993113,0.568775497113442
1118,cg13436782,2.16052761096015
1119,cg21449851,-0.0685268372014191
1120,cg00986928,-0.0138202250156319
1121,cg03454094,-6.89486890343463
1122,cg13230187,-1.30217952225112
1123,cg12595444,0.0682064652870876
1124,cg04145937,-0.580637612702439
1125,cg02737288,-0.246531155724002
1126,cg06672696,1.75160034300054
1127,cg04700055,0.724323458248259
1128,cg20767370,-0.47937792867417
1129,cg00565561,0.0623402460874189
1130,cg18187918,0.0398747859258438
1131,cg19847191,-2.31209998226945
1132,cg11841964,0.0387208577514035
1133,cg21587777,-6.12755021000409
1134,cg03275375,-0.059655176210887
1135,cg15795081,0.868728876411585
1136,cg15300348,0.909152843772951
1137,cg25914821,-3.52970694666045
1138,cg17744931,-1.29626858639041
1139,cg12114963,0.444974362322851
1140,cg24485951,0.965178028618001
1141,cg13070212,1.74676264188783
1142,cg10798225,-0.527037480557438
1143,cg25139740,-0.182792512565953
1144,cg10953594,-0.373121874867249
1145,cg23060323,-5.86419229344422
1146,cg15931375,-3.37178189188436
1147,cg00785980,3.03072078354406
1148,cg00264112,0.0803626473246884
1149,cg14916175,-0.714984398777652
1150,cg07465864,1.61084753010856
1151,cg05624388,0.487361704502301
1152,cg00941280,-0.749458848994721
1153,cg00992268,-2.16075274887529
1154,cg24187909,-0.51499817260925
1155,cg01601198,0.125540967112191
1156,cg04384810,1.47553650286717
1157,cg16120485,0.259679092350894
1158,cg14659082,0.240239027004246
1159,cg22895815,0.0925400987211295
1160,cg27154640,-0.0831577427571198
1161,cg06630416,-0.966501489980734
1162,cg18230220,-2.42849318375321
1163,cg27503801,-5.07331537266031
1164,cg15994304,-0.0308713129043615
1165,cg04866800,-0.0077207277127416
1166,cg17239194,1.21694625119589
1167,cg21035990,0.0300879786247893
1168,cg02683869,0.245227493799577
1169,cg11784435,0.435205128163198
1170,cg15916194,0.684267009645392
1171,cg11095714,-0.345534399225637
1172,cg06978060,-0.628791073471408
1173,cg23973576,-0.32979134567791
1174,cg15170994,0.00136883955925442
1175,cg17472686,-6.1972490321514
1176,cg03316614,-0.203487739597648
1177,cg19323862,0.125505372800883
1178,cg16678452,0.0211022701999134
1179,cg16936289,0.469381505582268
1180,cg13698411,-1.17481235519647
1181,cg00541293,-0.588225230383847
1182,cg09830575,0.455841368925233
1183,cg07762599,-0.749960548492961
1184,cg14216263,0.972615147591125
1185,cg09497789,0.569529198708295
1186,cg25260543,1.79188346423529
1187,cg14217660,1.09705800062316
1188,cg19204328,-0.747646739278545
1189,cg20217978,0.22075026735983
1190,cg23883522,-0.539611080636767
1191,cg23126977,-0.872261332436057
1192,cg15240652,-0.41725440743146
1193,cg01092133,0.143212176085062
1194,cg11651896,2.9814741853005
1195,cg27450557,-0.214717182469277
1196,cg02372905,0.118902264459427
1197,cg08852244,0.329384453808185
1198,cg27112487,1.08942855331449
1199,cg09169591,-2.70058188780356
1200,cg13511490,-0.0774316151499116
1201,cg10520964,0.207429342591355
1202,cg13366903,0.139792509685678
1203,cg22825261,0.0167965625413205
1204,cg18845973,0.761425098885999
1205,cg02713563,0.427736863342405
1206,cg01999608,-4.81495399701563
1207,cg06478823,-1.41197734063149
1208,cg17979719,0.31343475494016
1209,cg09149437,-0.56638916160554
1210,cg06563667,-2.55063169957938
1211,cg16080273,-1.1798921656505
1212,cg23231456,-0.0937033995983936
1213,cg03800252,0.0498195881484197
1214,cg27216853,0.547696177207189
1215,cg23902765,0.0435370212521177
1216,cg07186767,-0.177458969381882
1217,cg00913794,0.778464470831067
1218,cg06128194,0.00989020481224318
1219,cg08191886,-2.83038286380527
1220,cg14317639,1.62485555252381
1221,cg16003004,0.55511813515926
1222,cg01744005,0.403423771658089
1223,cg08180188,0.433198962689122
1224,cg14320320,0.468394647703705
1225,cg05165556,0.962438964915099
1226,cg09780594,-0.0712148408855119
1227,cg08188889,0.845172133110189
1228,cg25227378,1.72474946644982
1229,cg25300780,-1.83109276120976
1230,cg00650410,0.0575524519165091
1231,cg04821933,-0.152773020091952
1232,cg02138813,-1.07373778858269
1233,cg12040280,0.0606545079790966
1234,cg22079827,-0.729341428060739
1235,cg25433915,-0.630302635535592
1236,cg01720533,2.5092994097181
1237,cg21733756,0.359359628818469
1238,cg22780540,0.0288819797018018
1239,cg05883128,2.57509285175922
1240,cg16535390,0.272552996477996
1241,cg09737019,0.341304285535018
1242,cg03231735,2.31725992412185
1243,cg23525360,0.149898019058675
1244,cg05288075,-0.305600844229655
1245,cg15736994,-2.43717663071235
1246,cg03604842,0.381041253414018
1247,cg22787530,0.0897141280338554
1248,cg02859934,0.816258890926176
1249,cg12921720,0.410432388063902
1250,cg18902238,-2.0667375730564
1251,cg17177602,1.10222399006873
1252,cg18248145,0.0557713808753556
1253,cg23084415,-0.762628762502165
1254,cg22529504,0.355498667584117
1255,cg24722577,0.0138066799909114
1256,cg11410857,2.50875758683977
1257,cg02441694,2.37044961989698
1258,cg26828941,0.231467116850264
1259,cg16656322,-0.772655240227156
1260,cg02517189,-2.78732654872029
1261,cg12626242,-0.0624402892961606
1262,cg00701995,0.875541848947697
1263,cg13307649,0.497336198111924
1264,cg12318914,-4.21715631666641
1265,cg18157642,0.293711296551807
1266,cg24601055,0.000736516204731234
1267,cg20789819,-2.34255194004881
1268,cg08679405,2.33476214835662
1269,cg01415148,-0.195297795139383
1270,cg00776293,-1.04319469716091
1271,cg18068929,3.01135548718858
1272,cg02447257,-4.93993447193171
1273,cg09686990,-0.473709179615478
1274,cg06073803,-0.0595976629403683
1275,cg17560073,2.53409872169465
1276,cg24330542,1.9514297161883
1277,cg15207883,-0.159263589440493
1278,cg22706806,1.12790861353564
1279,cg10426318,-1.3597483412444
1280,cg17086542,0.652734328301267
1281,cg22681246,-0.503674507418254
1282,cg02987466,0.964272134804341
1283,cg22361181,-3.50996796798506
1284,cg05249016,-0.976346577196324
1285,cg15833449,-0.0572070652894198
1286,cg20890687,1.60071333544159
1287,cg03069764,-0.101378229947031
1288,cg17185710,-1.78932512152605
1289,cg27489916,0.143282020177085
1290,cg03572680,-0.0262094180070374
1291,cg16182491,0.654902375982033
1292,cg18570126,-1.53319464487702
1293,cg01947787,1.34704998188797
1294,cg00362690,0.196066997088068
1295,cg18683711,-1.84762378857312
1296,cg00688775,-0.27350989606748
1297,cg09115158,0.523737031417623
1298,cg06005877,0.88514216020898
1299,cg22697223,0.233302158826555
1300,cg16750433,0.287171173624371
1301,cg05645141,1.04856259815038
1302,cg04081402,-3.46774489580464
1303,cg09283959,1.47944020518195
1304,cg25506095,-0.647624237665044
1305,cg26906737,2.67150083980744
1306,cg03646542,-0.439009261090464
1307,cg26318926,-0.124705183429823
1308,cg02441556,-0.390341759787221
1309,cg27425655,-0.379222261670635
1310,cg00846843,0.342539732526045
1311,cg09665331,0.0383782656317659
1312,cg23990781,-0.0915236276262875
1313,cg24307703,-2.79676025411195
1314,cg09623056,0.29166332713676
1315,cg20748132,-0.283937916458423
1316,cg06986963,0.734097878140878
1317,cg21566071,-0.0403648356151999
1318,cg17274080,0.056465298528762
1319,cg00683285,1.34558806134681
1320,cg27578275,0.0896096237220066
1321,cg03100063,0.420179803473272
1322,cg16359525,0.345170614202488
1323,cg24740322,0.127587060708445
1324,cg20912542,-0.871131217489818
1325,cg15592828,-2.28637816391505
1326,cg16040935,-0.541770972116112
1327,cg11664903,0.394264095951604
1328,cg27640528,-0.789111189096224
1329,cg12883486,2.11829328017873
1330,cg27658402,0.505388791103535
1331,cg05517106,-0.0550510631581714
1332,cg12038352,0.542158354093807
1333,cg18810022,1.84506912566627
1334,cg11786320,0.530654327792469
1335,cg22006489,-1.99732522387539
1336,cg07986773,1.54800220621161
1337,cg02375669,-0.212548522501869
1338,cg04713102,0.427196310267461
1339,cg14742901,-0.748040360917736
1340,cg19076536,-3.68308860002177
1341,cg22798948,-4.46074434177319
1342,cg25695116,-0.538302905289669
1343,cg25866895,-0.474200674643401
1344,cg08139264,0.724366998548759
1345,cg05090375,-1.21442456949518
1346,cg27312987,-3.46867816643858e-05
1347,cg25361524,1.14097207163419
1348,cg04591799,0.428285057379506
1349,cg23664486,1.92259578148129
1350,cg09173939,-0.0373182610290214
1351,cg06976598,-0.744949751662114
1352,cg10369049,-1.75283554472096
1353,cg20631120,0.020471258044757
1354,cg16322747,1.85148098906761
1355,cg10499042,-1.1388688273928
1356,cg20801476,3.1595315914706
1357,cg15999702,0.597572817208811
1358,cg19719042,-0.36690184880056
1359,cg18833619,-0.115558111889195
1360,cg06138239,1.00599615496534
1361,cg19750606,1.39048498105779
1362,cg03091982,0.025697006497458
1363,cg27656728,-1.25938378911833
1364,cg06574789,-0.349550246356717
1365,cg01799856,-0.259418565710134
1366,cg14513685,0.954085381130879
1367,cg18614443,0.32122467756542
1368,cg27184055,0.187926585385337
1369,cg14029100,0.16194081750678
1370,cg22072332,0.0687474546937302
1371,cg21031705,-0.198811836909283
1372,cg03102881,-0.0924341519938236
1373,cg10113885,0.428328426411831
1374,cg08106532,-0.384455842606111
1375,cg24170166,-2.43790559604068
1376,cg13019173,1.61703489284981
1377,cg14441506,-1.56352372539635
1378,cg13487127,-1.13342511205959
1379,cg07867072,2.06845918359378
